{
  "version": 2,
  "builds": [
    {
      "src": "./api/index.py",
      "use": "@vercel/python"
    }
  ],
  "routes": [
    {
      "src": "/(.*)",
      "dest": "/api/index.py"
    }
  ],
  "env": {
    "SECRET_KEY": "@secret_key",
    "JWT_SECRET_KEY": "@jwt_secret_key",
    "DATABASE_URL": "@database_url",
    "SENDGRID_API_KEY": "@sendgrid_api_key",
    "MAIL_DEFAULT_SENDER": "@mail_default_sender",
    "CLOUDINARY_CLOUD_NAME": "@cloudinary_cloud_name",
    "CLOUDINARY_API_KEY": "@cloudinary_api_key",
    "CLOUDINARY_API_SECRET": "@cloudinary_api_secret",
    "REDIS_URL": "@redis_url"
  }
}